{"site": {"linient_precision": 0.8888888888888888, "linient_recall": 1.0, "linient_f1-score": 0.9411764705882353, "strict_precision": 0.8888888888888888, "strict_recall": 1.0, "strict_f1-score": 0.9411764705882353}, "site-value": {"linient_precision": 0.8837209302325582, "linient_recall": 0.8260869565217391, "linient_f1-score": 0.853932584269663, "strict_precision": 0.7209302325581395, "strict_recall": 0.6739130434782609, "strict_f1-score": 0.6966292134831461}, "stage-value": {"linient_precision": 0.9375, "linient_recall": 0.9782608695652174, "linient_f1-score": 0.9574468085106383, "strict_precision": 0.9375, "strict_recall": 0.9782608695652174, "strict_f1-score": 0.9574468085106383}, "grade": {"linient_precision": 0.9111111111111111, "linient_recall": 1.0, "linient_f1-score": 0.9534883720930233, "strict_precision": 0.9111111111111111, "strict_recall": 1.0, "strict_f1-score": 0.9534883720930233}, "htype-value": {"linient_precision": 0.9855072463768116, "linient_recall": 0.9577464788732394, "linient_f1-score": 0.9714285714285714, "strict_precision": 0.9637681159420289, "strict_recall": 0.9366197183098591, "strict_f1-score": 0.95}, "size": {"linient_precision": 0.8461538461538461, "linient_recall": 0.9166666666666666, "linient_f1-score": 0.8799999999999999, "strict_precision": 0.8461538461538461, "strict_recall": 0.9166666666666666, "strict_f1-score": 0.8799999999999999}, "stage": {"linient_precision": 1.0, "linient_recall": 1.0, "linient_f1-score": 1.0, "strict_precision": 1.0, "strict_recall": 1.0, "strict_f1-score": 1.0}, "grade-value": {"linient_precision": 0.8863636363636364, "linient_recall": 0.975, "linient_f1-score": 0.9285714285714285, "strict_precision": 0.8409090909090909, "strict_recall": 0.925, "strict_f1-score": 0.8809523809523809}, "receptor-value": {"linient_precision": 1.0, "linient_recall": 0.6, "linient_f1-score": 0.7499999999999999, "strict_precision": 1.0, "strict_recall": 0.6, "strict_f1-score": 0.7499999999999999}, "htype": {"linient_precision": 1.0, "linient_recall": 1.0, "linient_f1-score": 1.0, "strict_precision": 1.0, "strict_recall": 1.0, "strict_f1-score": 1.0}, "receptor": {"linient_precision": 0.9873417721518988, "linient_recall": 1.0, "linient_f1-score": 0.9936305732484078, "strict_precision": 0.9873417721518988, "strict_recall": 1.0, "strict_f1-score": 0.9936305732484078}, "size-value": {"linient_precision": 0.8840579710144928, "linient_recall": 0.9384615384615385, "linient_f1-score": 0.9104477611940298, "strict_precision": 0.8405797101449275, "strict_recall": 0.8923076923076924, "strict_f1-score": 0.8656716417910447}, "receptor-status": {"linient_precision": 0.9230769230769231, "linient_recall": 0.9473684210526315, "linient_f1-score": 0.935064935064935, "strict_precision": 0.9230769230769231, "strict_recall": 0.9473684210526315, "strict_f1-score": 0.935064935064935}, "laterality": {"linient_precision": 1.0, "linient_recall": 1.0, "linient_f1-score": 1.0, "strict_precision": 1.0, "strict_recall": 1.0, "strict_f1-score": 1.0}, "laterality-value": {"linient_precision": 0.9360613810741688, "linient_recall": 0.9865229110512129, "linient_f1-score": 0.9606299212598425, "strict_precision": 0.9360613810741688, "strict_recall": 0.9865229110512129, "strict_f1-score": 0.9606299212598425}}